,OR-Tools Total,PyPSA Total,Difference,Diff %,Match
chp_gas_in,1781.5320000000002,0.0,1781.5320000000002,100.0,False
chp_heat_out,815.9416560000001,0.0,815.9416560000001,100.0,False
chp_el_out,662.729904,0.0,662.729904,100.0,False
boiler_gas_in,1990.4764880382777,0.0,1990.4764880382777,100.0,False
boiler_heat_out,1664.0383439999998,0.0,1664.0383439999998,100.0,False
